{
  "training_instructions": {
    "pos": [
      0.0,
      0.10999999999999995
    ],
    "size": [
      18.0,
      0.04
    ]
  },
  "training_target_stim": {
    "pos": [
      0.0,
      0.05999999999999988
    ],
    "size": [
      0.20000000000000007,
      0.20000000000000007
    ]
  },
  "button": {
    "pos": [
      0.0,
      -0.4
    ],
    "size": [
      0.4,
      0.1
    ]
  },
  "button_label": {
    "pos": [
      0.0,
      -0.4
    ],
    "size": [
      0.7000000000000001,
      0.05
    ]
  }
}