{
  "target_label": {
    "pos": [
      0.0,
      0.44999999999999984
    ],
    "size": [
      0.65,
      0.05
    ]
  },
  "target_stim": {
    "pos": [
      0.0,
      0.29999999999999993
    ],
    "size": [
      0.14,
      0.14
    ]
  },
  "stimulus_0": {
    "pos": [
      0.0,
      -0.029999999999999995
    ],
    "size": [
      0.14,
      0.14
    ]
  },
  "stimulus_1": {
    "pos": [
      0.0,
      -0.029999999999999995
    ],
    "size": [
      0.14,
      0.14
    ]
  },
  "stimulus_2": {
    "pos": [
      0.0,
      -0.029999999999999995
    ],
    "size": [
      0.14,
      0.14
    ]
  },
  "stimulus_3": {
    "pos": [
      0.0,
      -0.029999999999999995
    ],
    "size": [
      0.14,
      0.14
    ]
  },
  "stimulus_4": {
    "pos": [
      0.0,
      -0.029999999999999995
    ],
    "size": [
      0.14,
      0.14
    ]
  },
  "stimulus_5": {
    "pos": [
      0.0,
      -0.029999999999999995
    ],
    "size": [
      0.14,
      0.14
    ]
  },
  "stimulus_6": {
    "pos": [
      0.0,
      -0.029999999999999995
    ],
    "size": [
      0.14,
      0.14
    ]
  },
  "stimulus_7": {
    "pos": [
      0.0,
      -0.029999999999999995
    ],
    "size": [
      0.14,
      0.14
    ]
  },
  "stimulus_8": {
    "pos": [
      0.0,
      -0.02
    ],
    "size": [
      0.14,
      0.14
    ]
  },
  "stimulus_9": {
    "pos": [
      0.0,
      -0.02
    ],
    "size": [
      0.14,
      0.14
    ]
  },
  "stimulus_10": {
    "pos": [
      0.0,
      -0.029999999999999995
    ],
    "size": [
      0.14,
      0.14
    ]
  },
  "stimulus_11": {
    "pos": [
      0.0,
      -0.029999999999999995
    ],
    "size": [
      0.14,
      0.14
    ]
  }
}