{
  "text_stim": {
    "pos": [
      0.0,
      3.469446951953614e-18
    ],
    "size": [
      21.440000000000005,
      0.04000000000000001
    ]
  },
  "button": {
    "pos": [
      0.0,
      -0.4
    ],
    "size": [
      0.3,
      0.08
    ]
  },
  "button_label": {
    "pos": [
      0.0,
      -0.4
    ],
    "size": [
      0.4,
      0.05
    ]
  }
}