{
  "image_stimulus": {
    "pos": [
      0.0,
      0.17999999999999988
    ],
    "size": [
      0.3,
      0.3
    ]
  },
  "instruction": {
    "pos": [
      0.0,
      0.44999999999999984
    ],
    "size": [
      2.5,
      0.05
    ]
  },
  "rating_scale": {
    "pos": [
      0.0,
      -0.2
    ],
    "size": [
      0.65,
      0.1
    ]
  },
  "submit_button": {
    "pos": [
      0.0,
      -0.4
    ],
    "size": [
      0.2,
      0.08
    ]
  },
  "submit_label": {
    "pos": [
      0.0,
      -0.4
    ],
    "size": [
      0.23999999999999996,
      0.04
    ]
  },
  "progress_text": {
    "pos": [
      0.0,
      -0.55
    ],
    "size": [
      0.0,
      0.029999999999999995
    ]
  }
}