{
  "target_label": {
    "pos": [
      0.0,
      0.4499999999999998
    ],
    "size": [
      0.65,
      0.05
    ]
  },
  "training_target_stim": {
    "pos": [
      0.0,
      0.3499999999999995
    ],
    "size": [
      0.19,
      0.19
    ]
  },
  "stimulus_0": {
    "pos": [
      -0.30000000000000004,
      0.3
    ],
    "size": [
      0.14,
      0.14
    ]
  },
  "stimulus_1": {
    "pos": [
      -0.10000000000000003,
      0.3
    ],
    "size": [
      0.14,
      0.14
    ]
  },
  "stimulus_2": {
    "pos": [
      0.09999999999999998,
      0.3
    ],
    "size": [
      0.14,
      0.14
    ]
  },
  "stimulus_3": {
    "pos": [
      0.30000000000000004,
      0.3
    ],
    "size": [
      0.14,
      0.14
    ]
  },
  "stimulus_4": {
    "pos": [
      -0.30000000000000004,
      0.1
    ],
    "size": [
      0.14,
      0.14
    ]
  },
  "stimulus_5": {
    "pos": [
      -0.10000000000000003,
      0.1
    ],
    "size": [
      0.14,
      0.14
    ]
  },
  "stimulus_6": {
    "pos": [
      0.09999999999999998,
      0.1
    ],
    "size": [
      0.14,
      0.14
    ]
  },
  "stimulus_7": {
    "pos": [
      0.30000000000000004,
      0.1
    ],
    "size": [
      0.14,
      0.14
    ]
  },
  "stimulus_8": {
    "pos": [
      -0.30000000000000004,
      -0.09999999999999998
    ],
    "size": [
      0.14,
      0.14
    ]
  },
  "stimulus_9": {
    "pos": [
      -0.10000000000000003,
      -0.09999999999999998
    ],
    "size": [
      0.14,
      0.14
    ]
  },
  "stimulus_10": {
    "pos": [
      0.09999999999999998,
      -0.09999999999999998
    ],
    "size": [
      0.14,
      0.14
    ]
  },
  "stimulus_11": {
    "pos": [
      0.30000000000000004,
      -0.09999999999999998
    ],
    "size": [
      0.14,
      0.14
    ]
  }
}